feature,mean_abs_shap
Humidity,0.10608704391537631
WindGustSpeed,0.052995056147473026
Pressure,0.047845246251875986
Sunshine,0.03969130310222283
Cloud,0.033945841088400444
Temperature,0.012278689652822155
Evaporation,0.00883580803089242
WindSpeed,0.008516115267378102
WindGustDir_N,0.00337720593395316
Month_Aug,0.0025544199775574777
Month_Sep,0.002483020203326109
WindGustDir_NNW,0.0023613832182154174
WindGustDir_NW,0.0022130229735183816
WindGustDir_WNW,0.0019088215990917324
WindGustDir_NNE,0.0018836972876376506
Month_Apr,0.0018594167805067428
Month_Jul,0.00184931690763382
Month_Oct,0.0016981019170509374
Month_Nov,0.0016892376228077948
Month_May,0.001667017743577416
Month_Jan,0.0015869133153234038
WindGustDir_NE,0.001573181525706207
Month_Jun,0.0014774734389984938
WindGustDir_W,0.0012853113424765902
WindGustDir_S,0.0012237593579375102
Month_Mar,0.001169495213007374
WindGustDir_SE,0.0011084947915638924
Month_Dec,0.0010616995708386747
WindGustDir_SSW,0.0010445717624623758
WindGustDir_SW,0.0010102186703355607
WindGustDir_SSE,0.0009995072780585265
WindGustDir_E,0.0009873950551729574
WindGustDir_WSW,0.0009757245169483123
WindGustDir_ENE,0.0009166520902103068
Month_Feb,0.0008677761790666223
WindGustDir_ESE,0.0007229040864612648
