{
  "threshold": 0.402,
  "precision_1": 0.555253896430367,
  "recall_1": 0.7509859921120631,
  "target_recall_1": 0.75
}